<?xml version="1.0" encoding="UTF-8"?>
<repomd xmlns="http://linux.duke.edu/metadata/repo" xmlns:rpm="http://linux.duke.edu/metadata/rpm" xmlns:suse="http://novell.com/package/metadata/suse/common">
  <revision>1360101688</revision>
  <data type="other_db">
    <location href="repodata/3bbecd52af1119a9c16fbd7952b44f01dea518b1c31b297509a499bacf9b07ec-other.sqlite.bz2"/>
    <checksum type="sha256">3bbecd52af1119a9c16fbd7952b44f01dea518b1c31b297509a499bacf9b07ec</checksum>
    <timestamp>1360101689.12</timestamp>
    <size>65544</size>
    <open-size>181248</open-size>
    <open-checksum type="sha256">72de102114109f54e24844ec9081c23c8cd05c3f10a3cd4ae93666be2ec9dee5</open-checksum>
    <database_version>10</database_version>
  </data>
  <data type="other">
    <checksum type="sha256">79e78302691664432f107e858a0a6d4d10e4d677660dcb484617987fb3650a09</checksum>
    <timestamp>1360101689</timestamp>
    <size>55974</size>
    <open-size>181728</open-size>
    <open-checksum type="sha256">0ba940542c45b9798d1363ee1666a85112531e8ff558b65c84a26e7c5fb8fe54</open-checksum>
    <location href="repodata/79e78302691664432f107e858a0a6d4d10e4d677660dcb484617987fb3650a09-other.xml.gz"/>
  </data>
  <data type="filelists_db">
    <location href="repodata/f59838183f8789d556b011503304e92c472d09d511275039ff8c928749851c23-filelists.sqlite.bz2"/>
    <checksum type="sha256">f59838183f8789d556b011503304e92c472d09d511275039ff8c928749851c23</checksum>
    <timestamp>1360101689.17</timestamp>
    <size>55240</size>
    <open-size>160768</open-size>
    <open-checksum type="sha256">5d8c36362a1bd4de3175e05d4275eeff24a35ac3a3689c3ee8ed7c78581b942f</open-checksum>
    <database_version>10</database_version>
  </data>
  <data type="filelists">
    <checksum type="sha256">6373872f41a7b24cb7524544a6bae1aecac4cd2e5049c60e1210dde9505cceab</checksum>
    <timestamp>1360101689</timestamp>
    <size>42562</size>
    <open-size>165409</open-size>
    <open-checksum type="sha256">ddc027ad222ff77f651891f39d54588c211e96a77d60a27f27fa55287d76810c</open-checksum>
    <location href="repodata/6373872f41a7b24cb7524544a6bae1aecac4cd2e5049c60e1210dde9505cceab-filelists.xml.gz"/>
  </data>
  <data type="primary_db">
    <location href="repodata/ae83792a3c707e998988fe6a1f286ce69a186dbc1a4fe4cd3a6b79e8846f7b33-primary.sqlite.bz2"/>
    <checksum type="sha256">ae83792a3c707e998988fe6a1f286ce69a186dbc1a4fe4cd3a6b79e8846f7b33</checksum>
    <timestamp>1360101689.3</timestamp>
    <size>149034</size>
    <open-size>538624</open-size>
    <open-checksum type="sha256">a222bfca3e1012ea6c8c0885b85aad56949e7bb5d134586229f96303df7d9f3c</open-checksum>
    <database_version>10</database_version>
  </data>
  <data type="primary">
    <checksum type="sha256">764c32bbefe1a266031644a6a5e80f55078bdd59f392359d07d26f5cf7d5f3b9</checksum>
    <timestamp>1360101689</timestamp>
    <size>122328</size>
    <open-size>581087</open-size>
    <open-checksum type="sha256">0b54cf2c6a0e439bddf5c88e47639c9d82ddd47ed28f8485bee5af7d49c2021d</open-checksum>
    <location href="repodata/764c32bbefe1a266031644a6a5e80f55078bdd59f392359d07d26f5cf7d5f3b9-primary.xml.gz"/>
  </data>
</repomd>
