<?xml version="1.0" encoding="UTF-8"?>
<updatemd xmlns="http://tizen.org/metadata/update" >
  <revision>1360101688</revision>
  <data type="other_db">
    <location href="data/3bbecd52af1119a9c16fbd7952b44f01dea518b1c31b297509a499bacf9b07ec-updates"/>
    <checksum type="sha256">3bbecd52af1119a9c16fbd7952b44f01dea518b1c31b297509a499bacf9b07ec</checksum>
    <timestamp>1360101689.12</timestamp>
    <size>65544</size>
    <open-size>181248</open-size>
    <open-checksum type="sha256">72de102114109f54e24844ec9081c23c8cd05c3f10a3cd4ae93666be2ec9dee5</open-checksum>
  </data>
</updatemd>
