<?xml version="1.0" encoding="UTF-8"?>
<updatemd>
  <revision>1360101688</revision>
  <data type="update">
    <location href="data/3bbecd52af1119a9c16fbd7952b44f01dea518b1c31b297509a499bacf9b07ec-updates.xml"/>
    <checksum type="sha256">3bbecd52af1119a9c16fbd7952b44f01dea518b1c31b297509a499bacf9b07ec</checksum>
    <timestamp>1360101689.12</timestamp>
    <size>65544</size>
  </data>
  <data type="feature">
    <location href="data/3bbecd52af1119a9c16fbd7952b44f01dea518b1c31b297509a499bacf9b07ec-features.xml"/>
    <checksum type="sha256">3bbecd52af1119a9c16fbd7952b44f01dea518b1c31b297509a499bacf9b07ec</checksum>
    <timestamp>1360101689.12</timestamp>
    <size>65544</size>
  </data>
</updatemd>
