<?xml version="1.0" encoding="UTF-8"?>
<updates xmlns="http://tizen.org/metadata/updates" >
    <update id="TZUP-2013-001-000">
        <location href="TZUP-2013-001-000.zip" />
        <checksum>d1d44afba88cabf44cccd8d9fde2daacba31e09e9b7e46526ba9c1e3b41c0a3b</checksum>
        <type>incremental</type>
        <reboot>yes</reboot>
        <security>no</security>
        <standalone>no</standlone>
        <title>Tizen 3.0.1 Update</title>
        <version>3.0.1</version>

        <description><![CDATA[
        <p>This Update will solve all your problems</p>
        <p>For more information, see http://updates.tizen.org</p>
        ]]>
        </description>
    </update>
</updates>
